plate_x,plate_z,description,pitch_name,release_speed,game_date,game_pk,home_team,away_team,pitcher_team,is_strike
-0.09,1.11,ball,Knuckle Curve,78.5,10/30/2024,775296,NYY,LAD,LAD,0
1.1,1.12,ball,4-Seam Fastball,97.2,10/30/2024,775296,NYY,LAD,LAD,0
0.76,1.51,ball,4-Seam Fastball,96.2,10/30/2024,775296,NYY,LAD,LAD,0
1.6,-0.76,ball,Knuckle Curve,78.9,10/30/2024,775296,NYY,LAD,LAD,0
-0.2,1.84,called_strike,Knuckle Curve,78.7,10/30/2024,775296,NYY,LAD,LAD,1
1.77,3.07,ball,4-Seam Fastball,96.7,10/30/2024,775296,NYY,LAD,LAD,0
0.61,1.9,called_strike,Sinker,94.9,10/30/2024,775296,NYY,LAD,LAD,1
1.51,0.61,ball,4-Seam Fastball,96.1,10/30/2024,775296,NYY,LAD,LAD,0
0.22,1.5,called_strike,Sinker,92.9,10/30/2024,775296,NYY,LAD,NYY,1
0.74,1.37,ball,Split-Finger,84.6,10/30/2024,775296,NYY,LAD,NYY,0
-0.91,2,called_strike,Cutter,89.9,10/30/2024,775296,NYY,LAD,NYY,1
0.48,3.64,ball,Cutter,91.5,10/30/2024,775296,NYY,LAD,NYY,0
1.64,3.38,ball,4-Seam Fastball,94.8,10/30/2024,775296,NYY,LAD,NYY,0
0.02,4.08,ball,Cutter,91.6,10/30/2024,775296,NYY,LAD,NYY,0
1.2,1.43,ball,Cutter,92,10/30/2024,775296,NYY,LAD,NYY,0
0.2,2.05,called_strike,4-Seam Fastball,95.1,10/30/2024,775296,NYY,LAD,NYY,1
-1.2,4.06,ball,4-Seam Fastball,97.6,10/30/2024,775296,NYY,LAD,LAD,0
0.72,2.23,called_strike,Sweeper,85.7,10/30/2024,775296,NYY,LAD,LAD,1
1.05,4.44,ball,Cutter,91.9,10/30/2024,775296,NYY,LAD,LAD,0
-0.76,3.62,called_strike,Sweeper,84.8,10/30/2024,775296,NYY,LAD,LAD,1
-1.56,2.7,ball,Sweeper,83.1,10/30/2024,775296,NYY,LAD,LAD,0
-1.13,2.03,ball,Sweeper,84.7,10/30/2024,775296,NYY,LAD,LAD,0
-0.14,3.9,ball,Sweeper,86.9,10/30/2024,775296,NYY,LAD,LAD,0
1.35,0.94,ball,Sweeper,87.3,10/30/2024,775296,NYY,LAD,LAD,0
0.66,2.06,called_strike,Sweeper,84.8,10/30/2024,775296,NYY,LAD,LAD,1
-0.12,4.38,ball,Sinker,96.3,10/30/2024,775296,NYY,LAD,LAD,0
-1.04,3.36,ball,Sweeper,85.8,10/30/2024,775296,NYY,LAD,LAD,0
-1.46,3.07,ball,Sweeper,85.2,10/30/2024,775296,NYY,LAD,LAD,0
-0.77,2.51,called_strike,Sinker,95.9,10/30/2024,775296,NYY,LAD,LAD,1
-0.89,2.03,ball,4-Seam Fastball,95.1,10/30/2024,775296,NYY,LAD,NYY,0
-0.97,3.73,ball,4-Seam Fastball,96.7,10/30/2024,775296,NYY,LAD,NYY,0
0.51,2,called_strike,4-Seam Fastball,95.8,10/30/2024,775296,NYY,LAD,NYY,1
-0.17,4.08,ball,4-Seam Fastball,95.8,10/30/2024,775296,NYY,LAD,NYY,0
-1.08,3.24,ball,Changeup,85.8,10/30/2024,775296,NYY,LAD,NYY,0
-0.67,3.52,ball,Changeup,85.7,10/30/2024,775296,NYY,LAD,NYY,0
1.25,1.53,ball,Changeup,87.4,10/30/2024,775296,NYY,LAD,NYY,0
0.32,3.97,ball,Changeup,87.5,10/30/2024,775296,NYY,LAD,NYY,0
0,3.15,called_strike,Changeup,86.7,10/30/2024,775296,NYY,LAD,NYY,1
0.09,2.91,called_strike,Cutter,91.1,10/30/2024,775296,NYY,LAD,LAD,1
0.91,3.19,ball,4-Seam Fastball,96.6,10/30/2024,775296,NYY,LAD,LAD,0
0.14,1.23,ball,Sweeper,84.8,10/30/2024,775296,NYY,LAD,LAD,0
1.11,2.73,ball,Sweeper,85.7,10/30/2024,775296,NYY,LAD,LAD,0
-0.87,2.72,called_strike,Sweeper,84.5,10/30/2024,775296,NYY,LAD,LAD,1
0.48,3.93,ball,4-Seam Fastball,96.5,10/30/2024,775296,NYY,LAD,LAD,0
-0.12,5.15,ball,Cutter,91.3,10/30/2024,775296,NYY,LAD,LAD,0
-0.41,2.6,called_strike,Sweeper,84.8,10/30/2024,775296,NYY,LAD,LAD,1
0.14,2.3,called_strike,Sweeper,83.7,10/30/2024,775296,NYY,LAD,LAD,1
-0.55,2.71,called_strike,Sweeper,84.9,10/30/2024,775296,NYY,LAD,NYY,1
-0.55,3.35,ball,Sweeper,84.8,10/30/2024,775296,NYY,LAD,NYY,0
-1.04,3.75,ball,Sweeper,85.2,10/30/2024,775296,NYY,LAD,NYY,0
-0.43,3.04,called_strike,Slider,87.6,10/30/2024,775296,NYY,LAD,NYY,1
-1.14,2.61,ball,Sinker,97.3,10/30/2024,775296,NYY,LAD,NYY,0
-1.82,2.62,ball,Sinker,97.2,10/30/2024,775296,NYY,LAD,NYY,0
-1.8,1.66,ball,Sinker,96.8,10/30/2024,775296,NYY,LAD,NYY,0
-1.08,1.93,ball,Sinker,96.2,10/30/2024,775296,NYY,LAD,NYY,0
-1.07,2.42,ball,Sinker,96,10/30/2024,775296,NYY,LAD,NYY,0
-1.23,2.15,ball,Sinker,94.1,10/30/2024,775296,NYY,LAD,NYY,0
-1.45,3.99,ball,Changeup,89.5,10/30/2024,775296,NYY,LAD,NYY,0
-0.25,3.8,ball,Cutter,93.3,10/30/2024,775296,NYY,LAD,NYY,0
0.31,0.45,ball,Changeup,89.4,10/30/2024,775296,NYY,LAD,NYY,0
0.71,2.23,called_strike,Knuckle Curve,83.6,10/30/2024,775296,NYY,LAD,NYY,1
-0.95,1.75,ball,Changeup,90.3,10/30/2024,775296,NYY,LAD,NYY,0
-0.13,2.01,called_strike,Sinker,95,10/30/2024,775296,NYY,LAD,NYY,1
-0.85,4.08,ball,4-Seam Fastball,96.7,10/30/2024,775296,NYY,LAD,LAD,0
-0.75,2.12,called_strike,Sweeper,84.4,10/30/2024,775296,NYY,LAD,LAD,1
-0.23,2.26,called_strike,Sinker,96.7,10/30/2024,775296,NYY,LAD,LAD,1
-1.04,1.17,ball,Sinker,93.4,10/30/2024,775296,NYY,LAD,LAD,0
-1.54,2.9,ball,Sinker,95.1,10/30/2024,775296,NYY,LAD,LAD,0
1.52,2.05,ball,Sinker,97.6,10/30/2024,775296,NYY,LAD,LAD,0
-0.92,4.78,ball,4-Seam Fastball,97.5,10/30/2024,775296,NYY,LAD,LAD,0
1.19,1.85,ball,Cutter,95.6,10/30/2024,775296,NYY,LAD,LAD,0
0.72,3.58,ball,Sinker,98.8,10/30/2024,775296,NYY,LAD,LAD,0
0.49,1.87,ball,Sinker,98,10/30/2024,775296,NYY,LAD,LAD,0
0.19,2.47,called_strike,Slider,88.7,10/30/2024,775296,NYY,LAD,LAD,1
-1.67,3.49,ball,Sinker,98,10/30/2024,775296,NYY,LAD,LAD,0
-0.61,3.81,ball,Sinker,99.6,10/30/2024,775296,NYY,LAD,LAD,0
0.7,0.79,ball,Slider,85,10/30/2024,775296,NYY,LAD,LAD,0
-0.07,4.06,ball,Slider,86.3,10/30/2024,775296,NYY,LAD,LAD,0
2.85,0.75,ball,Slider,91.6,10/30/2024,775296,NYY,LAD,LAD,0
0,0.86,ball,Knuckle Curve,84.6,10/30/2024,775296,NYY,LAD,NYY,0
0.69,1.83,ball,4-Seam Fastball,96.4,10/30/2024,775296,NYY,LAD,NYY,0
-0.88,2.36,called_strike,4-Seam Fastball,96.5,10/30/2024,775296,NYY,LAD,NYY,1
0.11,1.77,called_strike,4-Seam Fastball,93.4,10/30/2024,775296,NYY,LAD,LAD,1
-0.37,4.24,ball,4-Seam Fastball,94.2,10/30/2024,775296,NYY,LAD,LAD,0
0.87,1.54,ball,4-Seam Fastball,93.1,10/30/2024,775296,NYY,LAD,LAD,0
-0.5,2.16,called_strike,4-Seam Fastball,93.4,10/30/2024,775296,NYY,LAD,LAD,1
-1.15,1.43,ball,Slider,84.7,10/30/2024,775296,NYY,LAD,LAD,0
0.95,2.18,ball,4-Seam Fastball,93.5,10/30/2024,775296,NYY,LAD,LAD,0
-1.01,1.51,ball,Slider,85.8,10/30/2024,775296,NYY,LAD,LAD,0
1.13,3.82,ball,4-Seam Fastball,93.4,10/30/2024,775296,NYY,LAD,LAD,0
-0.17,1.04,ball,Slider,84.8,10/30/2024,775296,NYY,LAD,LAD,0
0.21,3.88,ball,4-Seam Fastball,94.5,10/30/2024,775296,NYY,LAD,LAD,0
-0.55,2.88,called_strike,4-Seam Fastball,94,10/30/2024,775296,NYY,LAD,LAD,1
-0.39,3.61,called_strike,4-Seam Fastball,94.6,10/30/2024,775296,NYY,LAD,LAD,1
-0.3,4.09,ball,Slider,85.8,10/30/2024,775296,NYY,LAD,LAD,0
-1.01,3.31,ball,4-Seam Fastball,94.1,10/30/2024,775296,NYY,LAD,LAD,0
-0.84,1.97,called_strike,Slider,86.2,10/30/2024,775296,NYY,LAD,LAD,1
0.08,4.45,ball,Cutter,92.7,10/30/2024,775296,NYY,LAD,NYY,0
-0.37,3.7,ball,4-Seam Fastball,98.9,10/30/2024,775296,NYY,LAD,NYY,0
0.9,1.57,ball,Knuckle Curve,86.4,10/30/2024,775296,NYY,LAD,NYY,0
1.03,1.25,ball,Slider,89.9,10/30/2024,775296,NYY,LAD,NYY,0
-1.5,2.22,ball,Changeup,91.6,10/30/2024,775296,NYY,LAD,NYY,0
0.88,1.22,ball,Cutter,94.2,10/30/2024,775296,NYY,LAD,NYY,0
0.43,0.88,ball,Changeup,93.1,10/30/2024,775296,NYY,LAD,NYY,0
-0.16,1.7,called_strike,Changeup,92.9,10/30/2024,775296,NYY,LAD,NYY,1
0.81,2.53,ball,4-Seam Fastball,98.8,10/30/2024,775296,NYY,LAD,NYY,0
0.13,3.62,ball,Slider,88.6,10/30/2024,775296,NYY,LAD,NYY,0
0.65,1.55,called_strike,Cutter,93.6,10/30/2024,775296,NYY,LAD,NYY,1
0.16,2.81,called_strike,Changeup,89.9,10/30/2024,775296,NYY,LAD,NYY,1
1.15,0.33,ball,Slider,89.5,10/30/2024,775296,NYY,LAD,NYY,0
0.39,3.17,called_strike,4-Seam Fastball,98.9,10/30/2024,775296,NYY,LAD,LAD,1
0.78,1.95,ball,4-Seam Fastball,100.4,10/30/2024,775296,NYY,LAD,LAD,0
0.85,1.26,ball,Cutter,92.3,10/30/2024,775296,NYY,LAD,LAD,0
0.48,2.62,called_strike,4-Seam Fastball,98.4,10/30/2024,775296,NYY,LAD,LAD,1
-1.7,3.69,ball,4-Seam Fastball,96.4,10/30/2024,775296,NYY,LAD,LAD,0
-0.46,1.46,called_strike,4-Seam Fastball,98,10/30/2024,775296,NYY,LAD,LAD,1
0.17,0.77,ball,Cutter,91.1,10/30/2024,775296,NYY,LAD,LAD,0
1.14,3.23,ball,4-Seam Fastball,97.8,10/30/2024,775296,NYY,LAD,LAD,0
-0.09,0.92,ball,4-Seam Fastball,98,10/30/2024,775296,NYY,LAD,LAD,0
0.21,1.56,called_strike,4-Seam Fastball,96.8,10/30/2024,775296,NYY,LAD,NYY,1
-0.6,3.33,called_strike,Knuckle Curve,84,10/30/2024,775296,NYY,LAD,NYY,1
-0.82,4.15,ball,Slider,88.8,10/30/2024,775296,NYY,LAD,NYY,0
1.35,2.04,ball,Cutter,91,10/30/2024,775296,NYY,LAD,NYY,0
0.88,1.72,ball,Slider,89.7,10/30/2024,775296,NYY,LAD,NYY,0
0.74,2.35,called_strike,4-Seam Fastball,96.5,10/30/2024,775296,NYY,LAD,NYY,1
-1.4,2.36,ball,Sinker,96.1,10/30/2024,775296,NYY,LAD,NYY,0
0.64,1.62,called_strike,Slider,86.2,10/30/2024,775296,NYY,LAD,LAD,1
-0.96,2.5,ball,4-Seam Fastball,94.7,10/30/2024,775296,NYY,LAD,LAD,0
-1.34,4,ball,4-Seam Fastball,94.5,10/30/2024,775296,NYY,LAD,LAD,0
0.72,0.06,ball,Slider,86.3,10/30/2024,775296,NYY,LAD,LAD,0
0.14,1.23,ball,4-Seam Fastball,95.8,10/30/2024,775296,NYY,LAD,LAD,0
-0.68,3.76,ball,4-Seam Fastball,95.4,10/30/2024,775296,NYY,LAD,NYY,0
-0.53,3.19,called_strike,4-Seam Fastball,96,10/30/2024,775296,NYY,LAD,NYY,1
-0.94,3.33,ball,4-Seam Fastball,95.4,10/30/2024,775296,NYY,LAD,NYY,0
0.54,1.13,ball,Changeup,90.1,10/30/2024,775296,NYY,LAD,NYY,0
-1.26,2.87,ball,Changeup,87.9,10/30/2024,775296,NYY,LAD,NYY,0
-0.49,3.07,called_strike,4-Seam Fastball,95.2,10/30/2024,775296,NYY,LAD,NYY,1
-0.66,2.4,called_strike,Knuckle Curve,76.7,10/30/2024,775296,NYY,LAD,NYY,1
-0.3,1.42,ball,Slider,86.9,10/30/2024,775296,NYY,LAD,NYY,0
-0.44,1.68,called_strike,Changeup,89,10/30/2024,775296,NYY,LAD,NYY,1
-0.07,1.66,called_strike,4-Seam Fastball,95,10/30/2024,775296,NYY,LAD,NYY,1
-0.09,1.78,called_strike,Slider,85.4,10/30/2024,775296,NYY,LAD,LAD,1
-0.78,1.57,ball,Slider,85.7,10/30/2024,775296,NYY,LAD,LAD,0
0.92,2.28,ball,Sinker,94.8,10/30/2024,775296,NYY,LAD,LAD,0
1.3,2.91,ball,Slider,85.7,10/30/2024,775296,NYY,LAD,LAD,0
0.56,3.68,called_strike,Slider,85.9,10/30/2024,775296,NYY,LAD,LAD,1
-0.6,1.27,ball,Slider,85.9,10/30/2024,775296,NYY,LAD,LAD,0
-1.07,1.26,ball,4-Seam Fastball,96.6,10/30/2024,775296,NYY,LAD,LAD,0
-2.53,-1.26,ball,Slider,86.7,10/30/2024,775296,NYY,LAD,LAD,0
0.25,2.91,called_strike,Slider,85.8,10/30/2024,775296,NYY,LAD,LAD,1
0.48,1.74,called_strike,Slider,85.1,10/30/2024,775296,NYY,LAD,LAD,1
-0.76,1.69,called_strike,4-Seam Fastball,93.6,10/30/2024,775296,NYY,LAD,LAD,1
-1.54,2.84,ball,Slider,84.3,10/30/2024,775296,NYY,LAD,LAD,0
0.1,1.33,ball,4-Seam Fastball,92.8,10/30/2024,775296,NYY,LAD,LAD,0
-0.32,1.34,ball,Knuckle Curve,78.5,10/30/2024,775296,NYY,LAD,LAD,0
0.31,2.11,called_strike,4-Seam Fastball,93.2,10/30/2024,775296,NYY,LAD,LAD,1
0.11,1.98,called_strike,Sinker,96,10/30/2024,775296,NYY,LAD,NYY,1
0.45,1.33,ball,Slider,87.3,10/30/2024,775296,NYY,LAD,NYY,0
-0.24,1.72,called_strike,4-Seam Fastball,96.4,10/30/2024,775296,NYY,LAD,NYY,1
-1.9,1.98,ball,Changeup,87.6,10/30/2024,775296,NYY,LAD,NYY,0
0.16,2.51,called_strike,Knuckle Curve,76.8,10/30/2024,775296,NYY,LAD,NYY,1
-0.34,1.79,called_strike,Knuckle Curve,81.4,10/30/2024,775296,NYY,LAD,NYY,1
0.87,2.25,ball,Slider,87.4,10/30/2024,775296,NYY,LAD,NYY,0
-0.08,3.44,called_strike,4-Seam Fastball,96.2,10/30/2024,775296,NYY,LAD,NYY,1
0.35,2.13,called_strike,4-Seam Fastball,94.8,10/30/2024,775296,NYY,LAD,LAD,1
0.28,1.15,ball,Slider,86.4,10/30/2024,775296,NYY,LAD,LAD,0
-1.78,2.86,ball,4-Seam Fastball,92.8,10/30/2024,775296,NYY,LAD,LAD,0
-0.41,0.9,ball,4-Seam Fastball,93.9,10/30/2024,775296,NYY,LAD,LAD,0
-0.82,2.05,called_strike,4-Seam Fastball,93.3,10/30/2024,775296,NYY,LAD,LAD,1
0.37,1.71,called_strike,4-Seam Fastball,95.2,10/30/2024,775296,NYY,LAD,LAD,1
1.06,0.01,ball,Knuckle Curve,79.7,10/30/2024,775296,NYY,LAD,LAD,0
-0.21,0.94,ball,Knuckle Curve,78.5,10/30/2024,775296,NYY,LAD,LAD,0
-0.06,0.88,ball,Slider,85.6,10/30/2024,775296,NYY,LAD,LAD,0
0.15,2.45,called_strike,4-Seam Fastball,93.3,10/30/2024,775296,NYY,LAD,LAD,1
0.84,0.64,ball,Knuckle Curve,77.5,10/30/2024,775296,NYY,LAD,LAD,0
-1.35,3.07,ball,4-Seam Fastball,93.5,10/30/2024,775296,NYY,LAD,LAD,0
-0.52,1.28,ball,Slider,85.2,10/30/2024,775296,NYY,LAD,LAD,0
-0.48,2.82,called_strike,4-Seam Fastball,92.5,10/30/2024,775296,NYY,LAD,LAD,1
-1.56,2.76,ball,4-Seam Fastball,93.5,10/30/2024,775296,NYY,LAD,LAD,0
-1.25,2.15,ball,Knuckle Curve,77.6,10/30/2024,775296,NYY,LAD,LAD,0
1.05,0.23,ball,Knuckle Curve,78.2,10/30/2024,775296,NYY,LAD,LAD,0
0.59,0.72,ball,Slider,86.8,10/30/2024,775296,NYY,LAD,LAD,0
-0.06,2.24,called_strike,4-Seam Fastball,93.9,10/30/2024,775296,NYY,LAD,LAD,1
-0.56,1.77,called_strike,Changeup,89.3,10/30/2024,775296,NYY,LAD,NYY,1
0.86,2.16,ball,4-Seam Fastball,96.5,10/30/2024,775296,NYY,LAD,NYY,0
0.53,3.16,called_strike,Knuckle Curve,81.4,10/30/2024,775296,NYY,LAD,NYY,1
1.24,2.24,ball,Sinker,95.4,10/29/2024,775297,NYY,LAD,NYY,0
0.63,1.71,ball,4-Seam Fastball,92.7,10/29/2024,775297,NYY,LAD,NYY,0
0.57,3.21,called_strike,4-Seam Fastball,91,10/29/2024,775297,NYY,LAD,NYY,1
-1.4,0.85,ball,Sinker,92.3,10/29/2024,775297,NYY,LAD,NYY,0
1.58,1.79,ball,Sinker,94.5,10/29/2024,775297,NYY,LAD,NYY,0
1.06,1.66,ball,Sinker,95.2,10/29/2024,775297,NYY,LAD,NYY,0
-1.64,0.46,ball,4-Seam Fastball,89.6,10/29/2024,775297,NYY,LAD,NYY,0
0.39,1.72,called_strike,Sinker,92.9,10/29/2024,775297,NYY,LAD,NYY,1
1.23,2.99,ball,4-Seam Fastball,93.7,10/29/2024,775297,NYY,LAD,LAD,0
-1.1,3.01,ball,Slider,85.6,10/29/2024,775297,NYY,LAD,LAD,0
-0.93,2.4,called_strike,4-Seam Fastball,93.8,10/29/2024,775297,NYY,LAD,LAD,1
1.39,3.68,ball,4-Seam Fastball,93.2,10/29/2024,775297,NYY,LAD,LAD,0
-0.07,4.42,ball,4-Seam Fastball,94.1,10/29/2024,775297,NYY,LAD,LAD,0
-2.47,2.52,ball,Changeup,85.9,10/29/2024,775297,NYY,LAD,LAD,0
-0.61,2.49,called_strike,4-Seam Fastball,93.4,10/29/2024,775297,NYY,LAD,LAD,1
0.9,2.05,ball,Slider,86.1,10/29/2024,775297,NYY,LAD,LAD,0
0.85,0.39,ball,Screwball,79.1,10/29/2024,775297,NYY,LAD,LAD,0
-1.07,4,ball,Changeup,83.1,10/29/2024,775297,NYY,LAD,LAD,0
-1.22,1.83,ball,4-Seam Fastball,94.7,10/29/2024,775297,NYY,LAD,LAD,0
0.58,1.46,ball,Slider,87.1,10/29/2024,775297,NYY,LAD,LAD,0
2.15,2.12,ball,Slider,84.9,10/29/2024,775297,NYY,LAD,LAD,0
-1.38,3.25,ball,Screwball,78.4,10/29/2024,775297,NYY,LAD,LAD,0
-0.5,1.85,called_strike,4-Seam Fastball,95.3,10/29/2024,775297,NYY,LAD,LAD,1
-0.26,1.12,ball,Screwball,80.4,10/29/2024,775297,NYY,LAD,LAD,0
-0.67,1.95,called_strike,4-Seam Fastball,94.4,10/29/2024,775297,NYY,LAD,LAD,1
-1.44,2.38,ball,Changeup,84.4,10/29/2024,775297,NYY,LAD,LAD,0
-1.64,1.73,ball,Changeup,86.5,10/29/2024,775297,NYY,LAD,LAD,0
0.2,1.25,ball,4-Seam Fastball,95.3,10/29/2024,775297,NYY,LAD,LAD,0
0.72,0.08,ball,Slider,88,10/29/2024,775297,NYY,LAD,LAD,0
-1.4,1.13,ball,Changeup,88.9,10/29/2024,775297,NYY,LAD,NYY,0
-0.93,3.06,called_strike,4-Seam Fastball,95.6,10/29/2024,775297,NYY,LAD,NYY,1
0.46,2.62,called_strike,4-Seam Fastball,94.3,10/29/2024,775297,NYY,LAD,NYY,1
-0.77,3.3,ball,4-Seam Fastball,95.2,10/29/2024,775297,NYY,LAD,NYY,0
-1.63,0.81,ball,Changeup,90.2,10/29/2024,775297,NYY,LAD,NYY,0
0.69,1.52,called_strike,Cutter,92.7,10/29/2024,775297,NYY,LAD,NYY,1
-0.94,1.44,ball,Changeup,88.7,10/29/2024,775297,NYY,LAD,NYY,0
-0.29,-0.52,ball,Changeup,89.3,10/29/2024,775297,NYY,LAD,NYY,0
-0.53,2.58,called_strike,4-Seam Fastball,95.6,10/29/2024,775297,NYY,LAD,NYY,1
1.21,2.23,ball,Slider,86.4,10/29/2024,775297,NYY,LAD,LAD,0
0.68,1.79,ball,4-Seam Fastball,93.8,10/29/2024,775297,NYY,LAD,LAD,0
0.54,1,ball,Slider,86.1,10/29/2024,775297,NYY,LAD,LAD,0
1.25,2.63,ball,4-Seam Fastball,94.3,10/29/2024,775297,NYY,LAD,LAD,0
0.56,2.04,called_strike,4-Seam Fastball,93.8,10/29/2024,775297,NYY,LAD,LAD,1
1.08,0.91,ball,Curveball,80.6,10/29/2024,775297,NYY,LAD,LAD,0
0.67,1.68,ball,Curveball,80.2,10/29/2024,775297,NYY,LAD,LAD,0
0.86,2.65,called_strike,4-Seam Fastball,92.9,10/29/2024,775297,NYY,LAD,LAD,1
1.59,2.96,ball,Cutter,93.8,10/29/2024,775297,NYY,LAD,NYY,0
1.3,3.16,ball,4-Seam Fastball,96,10/29/2024,775297,NYY,LAD,NYY,0
-2.41,4.59,ball,Split-Finger,84.2,10/29/2024,775297,NYY,LAD,NYY,0
-2.72,3.86,ball,Split-Finger,85.6,10/29/2024,775297,NYY,LAD,NYY,0
-0.08,2.18,called_strike,Split-Finger,86.8,10/29/2024,775297,NYY,LAD,NYY,1
-1.36,3.19,ball,Cutter,89.9,10/29/2024,775297,NYY,LAD,NYY,0
-0.75,4.45,ball,Curveball,73.9,10/29/2024,775297,NYY,LAD,NYY,0
0.15,0.87,ball,Split-Finger,86,10/29/2024,775297,NYY,LAD,NYY,0
0.66,1.33,ball,Split-Finger,88,10/29/2024,775297,NYY,LAD,NYY,0
-0.83,2.43,called_strike,Sinker,92.7,10/29/2024,775297,NYY,LAD,NYY,1
1.3,1.34,ball,Split-Finger,86.2,10/29/2024,775297,NYY,LAD,NYY,0
1.04,2.09,ball,Split-Finger,86.2,10/29/2024,775297,NYY,LAD,NYY,0
-0.5,2.99,called_strike,Curveball,72.7,10/29/2024,775297,NYY,LAD,NYY,1
-0.97,3.72,ball,Curveball,73.5,10/29/2024,775297,NYY,LAD,NYY,0
0.76,1.64,ball,Slider,85.4,10/29/2024,775297,NYY,LAD,LAD,0
0.43,1.56,called_strike,Slider,86.5,10/29/2024,775297,NYY,LAD,LAD,1
-0.73,1.71,called_strike,Changeup,84.5,10/29/2024,775297,NYY,LAD,LAD,1
0.65,1.87,called_strike,4-Seam Fastball,94.3,10/29/2024,775297,NYY,LAD,LAD,1
-1.22,3.04,ball,4-Seam Fastball,94.2,10/29/2024,775297,NYY,LAD,LAD,0
0.3,2.44,called_strike,Changeup,85.6,10/29/2024,775297,NYY,LAD,LAD,1
-1.79,2.5,ball,4-Seam Fastball,93.5,10/29/2024,775297,NYY,LAD,LAD,0
-0.13,1.83,called_strike,Sweeper,84.1,10/29/2024,775297,NYY,LAD,NYY,1
-0.91,1.62,ball,Sinker,95.9,10/29/2024,775297,NYY,LAD,NYY,0
0.74,1.25,ball,4-Seam Fastball,96.8,10/29/2024,775297,NYY,LAD,NYY,0
1.34,0.4,ball,Slider,87.3,10/29/2024,775297,NYY,LAD,NYY,0
-0.26,2.47,called_strike,Sweeper,84.2,10/29/2024,775297,NYY,LAD,NYY,1
-1.71,2.62,ball,Sinker,97.3,10/29/2024,775297,NYY,LAD,NYY,0
0.66,2.74,called_strike,Sweeper,84,10/29/2024,775297,NYY,LAD,NYY,1
0.26,4.36,ball,4-Seam Fastball,94.2,10/29/2024,775297,NYY,LAD,LAD,0
0.21,3.25,called_strike,Curveball,80.9,10/29/2024,775297,NYY,LAD,LAD,1
-0.36,3.76,ball,4-Seam Fastball,93.8,10/29/2024,775297,NYY,LAD,LAD,0
0.63,2.17,called_strike,Changeup,85.1,10/29/2024,775297,NYY,LAD,LAD,1
-0.31,3.59,ball,4-Seam Fastball,93.6,10/29/2024,775297,NYY,LAD,LAD,0
0.78,3.03,called_strike,Slider,86.1,10/29/2024,775297,NYY,LAD,LAD,1
-0.05,4.28,ball,4-Seam Fastball,94.4,10/29/2024,775297,NYY,LAD,LAD,0
-0.11,4.19,ball,Curveball,80.8,10/29/2024,775297,NYY,LAD,LAD,0
-1.05,2.38,ball,4-Seam Fastball,94.7,10/29/2024,775297,NYY,LAD,LAD,0
-0.74,1.52,ball,Changeup,85.9,10/29/2024,775297,NYY,LAD,LAD,0
0.26,1.74,called_strike,Curveball,80.8,10/29/2024,775297,NYY,LAD,LAD,1
1.17,2.74,ball,Sinker,89.8,10/29/2024,775297,NYY,LAD,NYY,0
1.4,3.77,ball,4-Seam Fastball,89.8,10/29/2024,775297,NYY,LAD,NYY,0
0.99,1.37,ball,4-Seam Fastball,97.1,10/29/2024,775297,NYY,LAD,NYY,0
-1.74,3.3,ball,4-Seam Fastball,96.8,10/29/2024,775297,NYY,LAD,NYY,0
-0.4,1.76,called_strike,Changeup,93,10/29/2024,775297,NYY,LAD,NYY,1
-0.14,1.26,ball,Changeup,92.3,10/29/2024,775297,NYY,LAD,NYY,0
-1.84,4.14,ball,Changeup,91,10/29/2024,775297,NYY,LAD,NYY,0
0.39,1.93,called_strike,4-Seam Fastball,96.5,10/29/2024,775297,NYY,LAD,NYY,1
-0.28,2.76,called_strike,4-Seam Fastball,96,10/29/2024,775297,NYY,LAD,NYY,1
-2.03,2.85,ball,Changeup,85.3,10/29/2024,775297,NYY,LAD,LAD,0
-0.55,2.67,called_strike,Changeup,86.6,10/29/2024,775297,NYY,LAD,LAD,1
-0.79,3.65,ball,4-Seam Fastball,95.7,10/29/2024,775297,NYY,LAD,LAD,0
1.17,2.71,ball,Slider,85.7,10/29/2024,775297,NYY,LAD,LAD,0
0.73,1.59,ball,Slider,85.9,10/29/2024,775297,NYY,LAD,LAD,0
0.18,2.01,called_strike,4-Seam Fastball,95,10/29/2024,775297,NYY,LAD,LAD,1
0.54,4.42,ball,Slider,86.6,10/29/2024,775297,NYY,LAD,LAD,0
0.1,3.56,called_strike,Curveball,80.6,10/29/2024,775297,NYY,LAD,LAD,1
-1.35,2.98,ball,4-Seam Fastball,95.4,10/29/2024,775297,NYY,LAD,LAD,0
-1.07,2.13,called_strike,Changeup,92.1,10/29/2024,775297,NYY,LAD,NYY,1
-1.3,3.21,ball,Changeup,91.9,10/29/2024,775297,NYY,LAD,NYY,0
1.48,1.7,ball,Slider,86.3,10/29/2024,775297,NYY,LAD,NYY,0
-0.33,2.26,called_strike,Changeup,92.8,10/29/2024,775297,NYY,LAD,NYY,1
-1.27,3.93,ball,Changeup,92.7,10/29/2024,775297,NYY,LAD,NYY,0
-1.31,4.21,ball,Changeup,92.6,10/29/2024,775297,NYY,LAD,NYY,0
0.38,1.5,ball,4-Seam Fastball,96.1,10/29/2024,775297,NYY,LAD,LAD,0
1.3,0.93,ball,4-Seam Fastball,95.8,10/29/2024,775297,NYY,LAD,LAD,0
0.76,1.46,ball,Slider,89.2,10/29/2024,775297,NYY,LAD,LAD,0
1.42,0.86,ball,Slider,89.8,10/29/2024,775297,NYY,LAD,LAD,0
1.75,-0.72,ball,Slider,89.6,10/29/2024,775297,NYY,LAD,LAD,0
0.3,5.88,ball,4-Seam Fastball,97.7,10/29/2024,775297,NYY,LAD,NYY,0
-0.77,1.8,called_strike,Changeup,93.7,10/29/2024,775297,NYY,LAD,NYY,1
-1.08,3.89,ball,4-Seam Fastball,98.3,10/29/2024,775297,NYY,LAD,NYY,0
0.42,1.81,called_strike,Changeup,91.1,10/29/2024,775297,NYY,LAD,NYY,1
-1.53,3.11,ball,Changeup,89.4,10/29/2024,775297,NYY,LAD,NYY,0
-0.16,1.78,called_strike,4-Seam Fastball,96.4,10/29/2024,775297,NYY,LAD,LAD,1
-0.49,2.03,called_strike,4-Seam Fastball,94.9,10/29/2024,775297,NYY,LAD,LAD,1
-0.93,1.94,called_strike,Curveball,76.6,10/29/2024,775297,NYY,LAD,LAD,1
-1.05,3.01,ball,4-Seam Fastball,95.1,10/29/2024,775297,NYY,LAD,LAD,0
2,2.22,ball,Slider,84.7,10/29/2024,775297,NYY,LAD,LAD,0
-0.68,3.62,ball,Slider,83,10/29/2024,775297,NYY,LAD,LAD,0
0.17,4.92,ball,4-Seam Fastball,96.8,10/29/2024,775297,NYY,LAD,LAD,0
-0.76,3.6,ball,4-Seam Fastball,96.1,10/29/2024,775297,NYY,LAD,LAD,0
-0.42,2.7,called_strike,4-Seam Fastball,95.5,10/29/2024,775297,NYY,LAD,LAD,1
-0.63,2.93,called_strike,4-Seam Fastball,96.7,10/29/2024,775297,NYY,LAD,LAD,1
0.98,0.77,ball,Curveball,82.9,10/29/2024,775297,NYY,LAD,LAD,0
-0.95,3.39,ball,4-Seam Fastball,97.4,10/29/2024,775297,NYY,LAD,NYY,0
-0.18,2.22,called_strike,4-Seam Fastball,97.1,10/29/2024,775297,NYY,LAD,NYY,1
-1.95,2.88,ball,Changeup,93.1,10/29/2024,775297,NYY,LAD,NYY,0
0.95,4,ball,4-Seam Fastball,96.7,10/29/2024,775297,NYY,LAD,NYY,0
-1.09,3.84,ball,4-Seam Fastball,97.1,10/29/2024,775297,NYY,LAD,NYY,0
-0.06,1.6,called_strike,4-Seam Fastball,95.3,10/29/2024,775297,NYY,LAD,NYY,1
-0.78,4.31,ball,4-Seam Fastball,95,10/29/2024,775297,NYY,LAD,LAD,0
1.37,0.97,ball,Curveball,80,10/29/2024,775297,NYY,LAD,LAD,0
-2.28,5.5,ball,4-Seam Fastball,96.2,10/29/2024,775297,NYY,LAD,LAD,0
-1.63,2.67,ball,4-Seam Fastball,96.2,10/29/2024,775297,NYY,LAD,LAD,0
1.24,1.9,ball,Slider,82.9,10/29/2024,775297,NYY,LAD,LAD,0
-1.08,4.72,ball,4-Seam Fastball,96.2,10/29/2024,775297,NYY,LAD,LAD,0
0.56,1.41,ball,Slider,86,10/29/2024,775297,NYY,LAD,LAD,0
0.79,1.65,ball,Slider,86.7,10/29/2024,775297,NYY,LAD,LAD,0
0.47,1.99,called_strike,Slider,84.5,10/29/2024,775297,NYY,LAD,LAD,1
-0.18,3.86,ball,4-Seam Fastball,93.5,10/29/2024,775297,NYY,LAD,LAD,0
0.15,3.89,ball,Slider,82.9,10/29/2024,775297,NYY,LAD,LAD,0
1.08,3.01,ball,Slider,83.8,10/29/2024,775297,NYY,LAD,LAD,0
-1.1,2.97,ball,4-Seam Fastball,95.8,10/29/2024,775297,NYY,LAD,LAD,0
1.48,2.63,ball,Slider,83.8,10/29/2024,775297,NYY,LAD,LAD,0
0.75,2.47,ball,Slider,88,10/29/2024,775297,NYY,LAD,NYY,0
0.9,2.2,ball,Slider,86.9,10/29/2024,775297,NYY,LAD,NYY,0
1.04,1.68,ball,Slider,86.1,10/29/2024,775297,NYY,LAD,NYY,0
-1.06,5.1,ball,4-Seam Fastball,96.3,10/29/2024,775297,NYY,LAD,NYY,0
-0.14,1.5,ball,Changeup,89.7,10/29/2024,775297,NYY,LAD,NYY,0
-1.81,2.8,ball,Changeup,92.6,10/29/2024,775297,NYY,LAD,NYY,0
-0.79,2.28,called_strike,4-Seam Fastball,97.9,10/29/2024,775297,NYY,LAD,NYY,1
1.47,1.44,ball,Slider,88.7,10/29/2024,775297,NYY,LAD,NYY,0
0.58,2.72,called_strike,4-Seam Fastball,97.7,10/29/2024,775297,NYY,LAD,NYY,1
1.14,5.11,ball,4-Seam Fastball,96.6,10/29/2024,775297,NYY,LAD,NYY,0
-1.79,2.47,ball,Changeup,90.7,10/29/2024,775297,NYY,LAD,NYY,0
-0.93,4.22,ball,4-Seam Fastball,96.5,10/29/2024,775297,NYY,LAD,NYY,0
0.96,3.4,ball,Cutter,89.1,10/28/2024,775298,NYY,LAD,LAD,0
-0.49,1.98,called_strike,4-Seam Fastball,99.5,10/28/2024,775298,NYY,LAD,LAD,1
-1.04,0.27,ball,Cutter,89.1,10/28/2024,775298,NYY,LAD,LAD,0
0.03,3.08,called_strike,4-Seam Fastball,97.7,10/28/2024,775298,NYY,LAD,LAD,1
0.78,2.87,called_strike,4-Seam Fastball,99.3,10/28/2024,775298,NYY,LAD,LAD,1
2.43,-0.29,ball,Cutter,90,10/28/2024,775298,NYY,LAD,LAD,0
0.81,1.76,ball,4-Seam Fastball,99.5,10/28/2024,775298,NYY,LAD,LAD,0
0.52,2.94,called_strike,4-Seam Fastball,99.1,10/28/2024,775298,NYY,LAD,LAD,1
1.34,0.71,ball,4-Seam Fastball,99.5,10/28/2024,775298,NYY,LAD,LAD,0
-0.5,4.21,ball,4-Seam Fastball,98,10/28/2024,775298,NYY,LAD,LAD,0
1.09,0.85,ball,4-Seam Fastball,100.7,10/28/2024,775298,NYY,LAD,LAD,0
-0.12,2.67,called_strike,4-Seam Fastball,97.2,10/28/2024,775298,NYY,LAD,LAD,1
-1,3.81,ball,4-Seam Fastball,97.5,10/28/2024,775298,NYY,LAD,LAD,0
0.75,0.9,ball,Cutter,91.8,10/28/2024,775298,NYY,LAD,NYY,0
1.07,2.16,ball,Cutter,92.1,10/28/2024,775298,NYY,LAD,NYY,0
-0.34,0.31,ball,Changeup,89.4,10/28/2024,775298,NYY,LAD,NYY,0
0.5,1.93,called_strike,4-Seam Fastball,95.1,10/28/2024,775298,NYY,LAD,NYY,1
-1.29,3.37,ball,4-Seam Fastball,94.5,10/28/2024,775298,NYY,LAD,NYY,0
0.31,0.91,ball,Slider,86.9,10/28/2024,775298,NYY,LAD,LAD,0
-0.69,2.58,called_strike,4-Seam Fastball,95.3,10/28/2024,775298,NYY,LAD,LAD,1
0.03,1.76,called_strike,4-Seam Fastball,95.8,10/28/2024,775298,NYY,LAD,LAD,1
-0.02,3.46,called_strike,Slider,86,10/28/2024,775298,NYY,LAD,LAD,1
-0.56,1.14,ball,Slider,83.9,10/28/2024,775298,NYY,LAD,LAD,0
0.9,1.62,ball,Slider,85,10/28/2024,775298,NYY,LAD,LAD,0
1.13,1.23,ball,Slider,86.3,10/28/2024,775298,NYY,LAD,LAD,0
-0.53,1.52,ball,Slider,85,10/28/2024,775298,NYY,LAD,LAD,0
0.79,0.17,ball,Slider,86.6,10/28/2024,775298,NYY,LAD,LAD,0
-0.25,2.49,called_strike,4-Seam Fastball,95.6,10/28/2024,775298,NYY,LAD,LAD,1
0.16,1.14,ball,Slider,85.8,10/28/2024,775298,NYY,LAD,LAD,0
-0.92,3.33,ball,4-Seam Fastball,95.4,10/28/2024,775298,NYY,LAD,LAD,0
0.2,0.82,ball,4-Seam Fastball,95.9,10/28/2024,775298,NYY,LAD,NYY,0
-0.96,1.97,called_strike,Changeup,88.1,10/28/2024,775298,NYY,LAD,NYY,1
0.09,1.05,ball,Changeup,87,10/28/2024,775298,NYY,LAD,NYY,0
-0.14,1.78,called_strike,Changeup,86.9,10/28/2024,775298,NYY,LAD,NYY,1
0,1.1,ball,Sweeper,84.1,10/28/2024,775298,NYY,LAD,NYY,0
2.06,0.88,ball,Sweeper,83.3,10/28/2024,775298,NYY,LAD,NYY,0
1.98,2.47,ball,Sweeper,83.5,10/28/2024,775298,NYY,LAD,NYY,0
0.05,2.64,called_strike,Slider,84.9,10/28/2024,775298,NYY,LAD,NYY,1
0.18,3.5,called_strike,Sinker,96,10/28/2024,775298,NYY,LAD,LAD,1
-0.22,2.02,called_strike,4-Seam Fastball,95.1,10/28/2024,775298,NYY,LAD,LAD,1
0.58,3.5,ball,4-Seam Fastball,94.3,10/28/2024,775298,NYY,LAD,LAD,0
0.5,1.18,ball,Sinker,95.7,10/28/2024,775298,NYY,LAD,LAD,0
0.84,2.46,ball,Sinker,96.5,10/28/2024,775298,NYY,LAD,LAD,0
0.72,4.33,ball,4-Seam Fastball,97,10/28/2024,775298,NYY,LAD,LAD,0
0.34,1.58,called_strike,4-Seam Fastball,95,10/28/2024,775298,NYY,LAD,LAD,1
-0.88,3.24,ball,4-Seam Fastball,95.8,10/28/2024,775298,NYY,LAD,LAD,0
-0.82,2.64,called_strike,4-Seam Fastball,95.3,10/28/2024,775298,NYY,LAD,LAD,1
-0.2,1.4,ball,4-Seam Fastball,96,10/28/2024,775298,NYY,LAD,LAD,0
-1.3,2.91,ball,4-Seam Fastball,96.8,10/28/2024,775298,NYY,LAD,LAD,0
-1.39,3.79,ball,4-Seam Fastball,95.3,10/28/2024,775298,NYY,LAD,LAD,0
1.12,0.33,ball,Slider,89.9,10/28/2024,775298,NYY,LAD,LAD,0
0.44,0.78,ball,Slider,91.3,10/28/2024,775298,NYY,LAD,LAD,0
-0.18,2.35,called_strike,4-Seam Fastball,95.4,10/28/2024,775298,NYY,LAD,LAD,1
-0.95,2.78,called_strike,4-Seam Fastball,95.9,10/28/2024,775298,NYY,LAD,LAD,1
0.06,2.7,called_strike,4-Seam Fastball,95.8,10/28/2024,775298,NYY,LAD,LAD,1
0.26,1.2,ball,4-Seam Fastball,96.8,10/28/2024,775298,NYY,LAD,LAD,0
-0.71,2.5,called_strike,4-Seam Fastball,95.9,10/28/2024,775298,NYY,LAD,LAD,1
0.95,1.24,ball,4-Seam Fastball,95.6,10/28/2024,775298,NYY,LAD,LAD,0
1.4,1.77,ball,Slider,89.1,10/28/2024,775298,NYY,LAD,LAD,0
0.96,1.3,ball,Sweeper,84.2,10/28/2024,775298,NYY,LAD,NYY,0
1.55,1.34,ball,Sweeper,84.1,10/28/2024,775298,NYY,LAD,NYY,0
-1.02,2.46,ball,Sinker,89.3,10/28/2024,775298,NYY,LAD,NYY,0
-0.42,4.25,ball,4-Seam Fastball,90.7,10/28/2024,775298,NYY,LAD,NYY,0
0.99,2.13,called_strike,4-Seam Fastball,90.4,10/28/2024,775298,NYY,LAD,NYY,1
1.63,0.97,ball,Sinker,89.2,10/28/2024,775298,NYY,LAD,NYY,0
1.84,2.61,ball,Sinker,89.9,10/28/2024,775298,NYY,LAD,NYY,0
-0.16,1.87,called_strike,4-Seam Fastball,90.4,10/28/2024,775298,NYY,LAD,NYY,1
0.83,3.87,ball,4-Seam Fastball,91.2,10/28/2024,775298,NYY,LAD,NYY,0
0.29,4.24,ball,4-Seam Fastball,89.9,10/28/2024,775298,NYY,LAD,NYY,0
2.14,2.27,ball,Sinker,87.7,10/28/2024,775298,NYY,LAD,NYY,0
2.25,1.42,ball,Slider,90.1,10/28/2024,775298,NYY,LAD,LAD,0
-1.69,2.09,ball,Sinker,98.2,10/28/2024,775298,NYY,LAD,LAD,0
0.44,3.72,ball,Sinker,99.6,10/28/2024,775298,NYY,LAD,LAD,0
-0.86,3.02,ball,4-Seam Fastball,99.5,10/28/2024,775298,NYY,LAD,LAD,0
1.45,1.9,ball,Slider,91.4,10/28/2024,775298,NYY,LAD,LAD,0
-0.59,1.92,called_strike,4-Seam Fastball,97.2,10/28/2024,775298,NYY,LAD,LAD,1
-1.12,2.92,ball,Sinker,100.1,10/28/2024,775298,NYY,LAD,LAD,0
-0.11,3.96,ball,4-Seam Fastball,98.9,10/28/2024,775298,NYY,LAD,LAD,0
-0.6,2.32,called_strike,Sinker,99.1,10/28/2024,775298,NYY,LAD,LAD,1
0.47,1.47,ball,Sinker,100,10/28/2024,775298,NYY,LAD,LAD,0
1.2,1.17,ball,Slider,90.5,10/28/2024,775298,NYY,LAD,LAD,0
0.57,0.72,ball,Slider,93.4,10/28/2024,775298,NYY,LAD,LAD,0
0.25,2.41,called_strike,Sinker,100.7,10/28/2024,775298,NYY,LAD,LAD,1
-1.17,3.76,ball,Sinker,93,10/28/2024,775298,NYY,LAD,NYY,0
-1.18,2.43,ball,Slider,81.1,10/28/2024,775298,NYY,LAD,NYY,0
1.62,1.35,ball,Slider,81.7,10/28/2024,775298,NYY,LAD,NYY,0
0.1,2.38,called_strike,Sinker,92.9,10/28/2024,775298,NYY,LAD,NYY,1
3.29,0.58,ball,Slider,82.9,10/28/2024,775298,NYY,LAD,NYY,0
0.7,1.31,ball,Slider,80.9,10/28/2024,775298,NYY,LAD,NYY,0
-0.87,2.95,called_strike,Slider,81.1,10/28/2024,775298,NYY,LAD,NYY,1
1.11,2.62,ball,Sinker,94.3,10/28/2024,775298,NYY,LAD,NYY,0
0.59,3.28,called_strike,Sinker,94.8,10/28/2024,775298,NYY,LAD,NYY,1
0.69,3,called_strike,Sinker,94.4,10/28/2024,775298,NYY,LAD,NYY,1
0.45,0.13,ball,Knuckle Curve,78.5,10/28/2024,775298,NYY,LAD,LAD,0
1.25,0.26,ball,4-Seam Fastball,95.5,10/28/2024,775298,NYY,LAD,LAD,0
1.01,2.59,ball,4-Seam Fastball,95.1,10/28/2024,775298,NYY,LAD,LAD,0
1.25,0.52,ball,Sweeper,82.9,10/28/2024,775298,NYY,LAD,LAD,0
-0.5,1.99,called_strike,4-Seam Fastball,94.5,10/28/2024,775298,NYY,LAD,LAD,1
0.48,3.04,called_strike,4-Seam Fastball,92.7,10/28/2024,775298,NYY,LAD,LAD,1
0.01,3.53,ball,4-Seam Fastball,93.8,10/28/2024,775298,NYY,LAD,LAD,0
-1.19,1.64,ball,Cutter,87.4,10/28/2024,775298,NYY,LAD,NYY,0
-1.57,1.66,ball,Cutter,87.1,10/28/2024,775298,NYY,LAD,NYY,0
1.07,3.57,ball,4-Seam Fastball,94.4,10/28/2024,775298,NYY,LAD,LAD,0
-1.19,4.03,ball,Knuckle Curve,75.5,10/28/2024,775298,NYY,LAD,LAD,0
0.51,2.5,called_strike,Cutter,91.7,10/28/2024,775298,NYY,LAD,LAD,1
-0.79,2.42,called_strike,Knuckle Curve,76.4,10/28/2024,775298,NYY,LAD,LAD,1
-0.34,1.45,ball,4-Seam Fastball,93.1,10/28/2024,775298,NYY,LAD,NYY,0
-1.69,1.2,ball,Sweeper,81.1,10/28/2024,775298,NYY,LAD,NYY,0
-0.63,2.16,called_strike,Cutter,88.3,10/28/2024,775298,NYY,LAD,NYY,1
-0.02,1.56,ball,4-Seam Fastball,92.2,10/28/2024,775298,NYY,LAD,NYY,0
-0.5,2.75,called_strike,Curveball,73.8,10/28/2024,775298,NYY,LAD,NYY,1
-0.54,4.43,ball,Curveball,72.5,10/28/2024,775298,NYY,LAD,NYY,0
0.81,2.74,called_strike,Curveball,74.9,10/28/2024,775298,NYY,LAD,NYY,1
-0.88,3.49,ball,Sinker,92.2,10/28/2024,775298,NYY,LAD,NYY,0
-1.51,3.56,ball,Cutter,88.7,10/28/2024,775298,NYY,LAD,NYY,0
-0.15,1.93,called_strike,Sinker,92.2,10/28/2024,775298,NYY,LAD,NYY,1
-0.8,1.35,ball,Sinker,93.2,10/28/2024,775298,NYY,LAD,NYY,0
-0.2,3.39,ball,Cutter,90.6,10/28/2024,775298,NYY,LAD,NYY,0
-1.02,3.08,ball,Sinker,93.4,10/28/2024,775298,NYY,LAD,NYY,0
-1.4,1.43,ball,Knuckle Curve,77.7,10/28/2024,775298,NYY,LAD,LAD,0
0.61,1.45,ball,4-Seam Fastball,95.3,10/28/2024,775298,NYY,LAD,LAD,0
-0.9,3.94,ball,4-Seam Fastball,93.8,10/28/2024,775298,NYY,LAD,LAD,0
1.16,1.2,ball,Knuckle Curve,78.1,10/28/2024,775298,NYY,LAD,LAD,0
0.96,1.59,ball,Cutter,88.2,10/28/2024,775298,NYY,LAD,LAD,0
0.39,1.93,called_strike,4-Seam Fastball,94.9,10/28/2024,775298,NYY,LAD,LAD,1
0.61,2.08,called_strike,Sinker,94.5,10/28/2024,775298,NYY,LAD,LAD,1
1.24,4.02,ball,4-Seam Fastball,93.9,10/28/2024,775298,NYY,LAD,LAD,0
0.22,2.41,called_strike,4-Seam Fastball,93.9,10/28/2024,775298,NYY,LAD,LAD,1
0.13,2.34,called_strike,Knuckle Curve,76.7,10/28/2024,775298,NYY,LAD,LAD,1
0.66,2.17,called_strike,4-Seam Fastball,93,10/28/2024,775298,NYY,LAD,LAD,1
0.88,2.4,called_strike,Cutter,88.6,10/28/2024,775298,NYY,LAD,NYY,1
0.19,3.96,ball,Split-Finger,85,10/28/2024,775298,NYY,LAD,NYY,0
1.12,3.41,ball,Curveball,73.9,10/28/2024,775298,NYY,LAD,NYY,0
2.16,1.24,ball,Curveball,74.4,10/28/2024,775298,NYY,LAD,NYY,0
-1.35,2.1,ball,Sweeper,84.8,10/28/2024,775298,NYY,LAD,NYY,0
1.88,2.11,ball,Sinker,93.2,10/28/2024,775298,NYY,LAD,NYY,0
-0.33,3.11,called_strike,Cutter,90.7,10/28/2024,775298,NYY,LAD,NYY,1
0.02,3.94,ball,Cutter,91.7,10/28/2024,775298,NYY,LAD,NYY,0
0.64,2.42,called_strike,Cutter,91.9,10/28/2024,775298,NYY,LAD,NYY,1
-1.29,2.47,ball,Sweeper,84.5,10/28/2024,775298,NYY,LAD,NYY,0
-0.62,2.76,called_strike,Cutter,91.2,10/28/2024,775298,NYY,LAD,NYY,1
1.09,1.54,ball,Knuckle Curve,83.1,10/28/2024,775298,NYY,LAD,NYY,0
-1.43,3.16,ball,Sweeper,85.1,10/28/2024,775298,NYY,LAD,NYY,0
0.68,1.66,ball,Sinker,94.9,10/28/2024,775298,NYY,LAD,NYY,0
1.25,2.41,ball,Cutter,92.2,10/28/2024,775298,NYY,LAD,NYY,0
0.71,3.16,called_strike,Cutter,92,10/28/2024,775298,NYY,LAD,NYY,1
-1.53,1.48,ball,Sinker,95.1,10/28/2024,775298,NYY,LAD,NYY,0
-0.62,3.6,ball,Cutter,92.1,10/28/2024,775298,NYY,LAD,NYY,0
-0.37,2.44,called_strike,Sweeper,86.4,10/28/2024,775298,NYY,LAD,NYY,1
-1.16,2.92,ball,Sinker,95.4,10/28/2024,775298,NYY,LAD,NYY,0
-2.09,4.1,ball,Cutter,92.2,10/28/2024,775298,NYY,LAD,NYY,0
1.88,2.23,ball,Cutter,92.1,10/28/2024,775298,NYY,LAD,NYY,0
-1.11,3.43,ball,Sweeper,83.4,10/28/2024,775298,NYY,LAD,NYY,0
0.05,3.58,ball,Sinker,93.5,10/28/2024,775298,NYY,LAD,NYY,0
0.74,0.93,ball,Sinker,94.2,10/28/2024,775298,NYY,LAD,NYY,0
-1.66,2.59,ball,Changeup,90.2,10/28/2024,775298,NYY,LAD,LAD,0
-0.44,1.8,called_strike,4-Seam Fastball,94.8,10/28/2024,775298,NYY,LAD,LAD,1
0.52,1.4,ball,Sinker,95.3,10/28/2024,775298,NYY,LAD,LAD,0
1.84,1.04,ball,Sweeper,82.2,10/28/2024,775298,NYY,LAD,LAD,0
0.96,1.96,called_strike,Cutter,92.2,10/28/2024,775298,NYY,LAD,LAD,1
0.44,1.87,called_strike,4-Seam Fastball,95.4,10/28/2024,775298,NYY,LAD,LAD,1
-0.22,3.75,ball,4-Seam Fastball,94.5,10/28/2024,775298,NYY,LAD,LAD,0
-1.35,3.26,ball,Knuckle Curve,76,10/28/2024,775298,NYY,LAD,LAD,0
-0.32,2.97,called_strike,4-Seam Fastball,93.7,10/28/2024,775298,NYY,LAD,LAD,1
0.53,1.45,ball,4-Seam Fastball,95.5,10/28/2024,775298,NYY,LAD,LAD,0
1.15,0.27,ball,4-Seam Fastball,93.7,10/28/2024,775298,NYY,LAD,LAD,0
0.04,0.96,ball,Knuckle Curve,83.6,10/28/2024,775298,NYY,LAD,NYY,0
0.95,2.18,called_strike,Cutter,91.8,10/28/2024,775298,NYY,LAD,NYY,1
-0.31,1.77,called_strike,Sweeper,85.2,10/28/2024,775298,NYY,LAD,NYY,1
-1.43,2.74,ball,Sweeper,84.1,10/28/2024,775298,NYY,LAD,NYY,0
-0.76,2.76,called_strike,Sinker,93.3,10/28/2024,775298,NYY,LAD,NYY,1
-1.01,3.31,ball,Sinker,93.2,10/28/2024,775298,NYY,LAD,NYY,0
-0.4,3.62,ball,Cutter,91.8,10/28/2024,775298,NYY,LAD,NYY,0
1.95,1.82,ball,Cutter,92.4,10/28/2024,775298,NYY,LAD,NYY,0
1.57,3.15,ball,Cutter,91.8,10/28/2024,775298,NYY,LAD,LAD,0
2.09,1.03,ball,Sweeper,80.7,10/28/2024,775298,NYY,LAD,LAD,0
0.46,0.99,ball,Knuckle Curve,79,10/28/2024,775298,NYY,LAD,LAD,0
0.21,1.26,ball,Knuckle Curve,78,10/28/2024,775298,NYY,LAD,LAD,0
-0.29,1.71,called_strike,Knuckle Curve,77.2,10/28/2024,775298,NYY,LAD,LAD,1
-1.84,3.77,ball,Knuckle Curve,76.1,10/28/2024,775298,NYY,LAD,LAD,0
-1.63,2.97,ball,Changeup,90.9,10/28/2024,775298,NYY,LAD,LAD,0
0.45,2.99,called_strike,Knuckle Curve,77.5,10/28/2024,775298,NYY,LAD,LAD,1
-0.54,3.86,ball,4-Seam Fastball,95.1,10/28/2024,775298,NYY,LAD,LAD,0
1.76,1.13,ball,Sweeper,82.6,10/28/2024,775298,NYY,LAD,LAD,0
1.43,1.83,ball,Sweeper,81.6,10/28/2024,775298,NYY,LAD,LAD,0
0.81,2,called_strike,4-Seam Fastball,94.7,10/28/2024,775298,NYY,LAD,LAD,1
1.28,2.99,ball,4-Seam Fastball,94.4,10/28/2024,775298,NYY,LAD,LAD,0
0.04,1.36,called_strike,Knuckle Curve,84.9,10/28/2024,775298,NYY,LAD,NYY,1
-0.22,1.58,called_strike,Sweeper,84.8,10/28/2024,775298,NYY,LAD,NYY,1
1.58,1.45,ball,Cutter,92.8,10/28/2024,775298,NYY,LAD,NYY,0
-0.41,2.9,called_strike,Sinker,94.9,10/28/2024,775298,NYY,LAD,NYY,1
1.93,2.59,ball,Sweeper,85.8,10/28/2024,775298,NYY,LAD,NYY,0
-0.22,3.24,called_strike,Knuckle Curve,84.4,10/28/2024,775298,NYY,LAD,NYY,1
-0.05,3.95,ball,Cutter,92.6,10/28/2024,775298,NYY,LAD,NYY,0
-0.35,1.81,called_strike,Sweeper,84.9,10/28/2024,775298,NYY,LAD,NYY,1
0.62,2.82,ball,Sinker,95.5,10/28/2024,775298,NYY,LAD,NYY,0
0.08,4.2,ball,Cutter,92.8,10/28/2024,775298,NYY,LAD,NYY,0
0.51,1.83,called_strike,Sweeper,85.6,10/28/2024,775298,NYY,LAD,NYY,1
0.9,2.59,called_strike,Cutter,93.3,10/28/2024,775298,NYY,LAD,NYY,1
-1.07,4.32,ball,Cutter,93.4,10/28/2024,775298,NYY,LAD,NYY,0
-0.08,0.76,ball,Sinker,96.2,10/28/2024,775298,NYY,LAD,NYY,0
-1.54,2.6,ball,Sinker,96.1,10/28/2024,775298,NYY,LAD,NYY,0
-0.35,4.51,ball,Cutter,93.9,10/28/2024,775298,NYY,LAD,NYY,0
-0.52,3.51,ball,Sinker,95,10/26/2024,775294,LAD,NYY,LAD,0
0.3,3.11,called_strike,Cutter,91,10/26/2024,775294,LAD,NYY,LAD,1
1.21,3.03,ball,Cutter,91.9,10/26/2024,775294,LAD,NYY,LAD,0
-0.07,4.52,ball,4-Seam Fastball,93.9,10/26/2024,775294,LAD,NYY,LAD,0
1.31,1.53,ball,Sweeper,84.2,10/26/2024,775294,LAD,NYY,LAD,0
0.7,1.66,ball,Sweeper,84.1,10/26/2024,775294,LAD,NYY,LAD,0
1.19,1.11,ball,Sweeper,84.6,10/26/2024,775294,LAD,NYY,LAD,0
0.98,0.91,ball,Sweeper,83.8,10/26/2024,775294,LAD,NYY,LAD,0
3.83,0.98,ball,Sweeper,85.4,10/26/2024,775294,LAD,NYY,LAD,0
0.17,1.95,called_strike,Sinker,95.8,10/26/2024,775294,LAD,NYY,LAD,1
1.43,1.24,ball,Sweeper,85.7,10/26/2024,775294,LAD,NYY,LAD,0
-0.82,2.72,called_strike,Sinker,95.1,10/26/2024,775294,LAD,NYY,LAD,1
-1.83,3,ball,Sinker,95.8,10/26/2024,775294,LAD,NYY,LAD,0
0.63,3.51,ball,Sinker,95.4,10/26/2024,775294,LAD,NYY,LAD,0
-0.04,1.63,called_strike,Split-Finger,86.4,10/26/2024,775294,LAD,NYY,NYY,1
0.6,1.38,ball,Cutter,88,10/26/2024,775294,LAD,NYY,NYY,0
-0.24,1.64,called_strike,Sinker,93.2,10/26/2024,775294,LAD,NYY,NYY,1
0.97,0.68,ball,Cutter,92.7,10/26/2024,775294,LAD,NYY,LAD,0
1.14,2.53,ball,Cutter,90.3,10/26/2024,775294,LAD,NYY,LAD,0
-0.66,2.03,called_strike,4-Seam Fastball,100.6,10/26/2024,775294,LAD,NYY,LAD,1
-0.67,4.35,ball,4-Seam Fastball,97.2,10/26/2024,775294,LAD,NYY,LAD,0
0.6,1.83,called_strike,4-Seam Fastball,97.2,10/26/2024,775294,LAD,NYY,LAD,1
-1.01,5.59,ball,4-Seam Fastball,95.5,10/26/2024,775294,LAD,NYY,LAD,0
0.21,3.92,ball,4-Seam Fastball,97.3,10/26/2024,775294,LAD,NYY,LAD,0
-0.35,1.95,called_strike,Slider,86.9,10/26/2024,775294,LAD,NYY,NYY,1
0.8,2.05,called_strike,Slider,87.3,10/26/2024,775294,LAD,NYY,NYY,1
-1.35,1.48,ball,Sinker,97,10/26/2024,775294,LAD,NYY,NYY,0
-0.54,3.5,ball,Sinker,97,10/26/2024,775294,LAD,NYY,NYY,0
-2.21,1.42,ball,Sinker,96.3,10/26/2024,775294,LAD,NYY,NYY,0
-2.24,1.09,ball,Sinker,97.5,10/26/2024,775294,LAD,NYY,NYY,0
0.61,1.02,ball,4-Seam Fastball,97.1,10/26/2024,775294,LAD,NYY,NYY,0
-0.67,0.37,ball,Sinker,97.3,10/26/2024,775294,LAD,NYY,NYY,0
2.33,-0.34,ball,Sweeper,84.3,10/26/2024,775294,LAD,NYY,NYY,0
0.47,1.85,called_strike,Sinker,94.7,10/26/2024,775294,LAD,NYY,NYY,1
0.68,4.18,ball,4-Seam Fastball,96.6,10/26/2024,775294,LAD,NYY,LAD,0
-0.54,4.97,ball,4-Seam Fastball,96.5,10/26/2024,775294,LAD,NYY,LAD,0
-1.68,0.22,ball,Slider,87,10/26/2024,775294,LAD,NYY,LAD,0
-2.56,0.23,ball,Slider,87.2,10/26/2024,775294,LAD,NYY,LAD,0
-0.54,3.34,called_strike,4-Seam Fastball,97.1,10/26/2024,775294,LAD,NYY,LAD,1
0.8,0.89,ball,Slider,87.4,10/26/2024,775294,LAD,NYY,LAD,0
-0.05,1.57,called_strike,Slider,86.4,10/26/2024,775294,LAD,NYY,LAD,1
0.88,3.53,ball,4-Seam Fastball,96.2,10/26/2024,775294,LAD,NYY,LAD,0
1.17,0.22,ball,Cutter,90,10/26/2024,775294,LAD,NYY,LAD,0
-0.83,2.33,ball,Slider,87.1,10/26/2024,775294,LAD,NYY,NYY,0
2.11,1,ball,Sweeper,83.8,10/26/2024,775294,LAD,NYY,NYY,0
-0.52,1.15,ball,Sweeper,83.3,10/26/2024,775294,LAD,NYY,NYY,0
-0.27,2.6,called_strike,Sinker,95.6,10/26/2024,775294,LAD,NYY,NYY,1
-0.47,3.64,ball,Sinker,91.6,10/26/2024,775294,LAD,NYY,NYY,0
-0.02,1.86,called_strike,Sinker,88.9,10/26/2024,775294,LAD,NYY,NYY,1
0.05,2.29,called_strike,4-Seam Fastball,94.1,10/26/2024,775294,LAD,NYY,LAD,1
1.4,2.67,ball,Cutter,88.5,10/26/2024,775294,LAD,NYY,LAD,0
0.95,2.59,ball,4-Seam Fastball,95.1,10/26/2024,775294,LAD,NYY,LAD,0
0.23,3.26,called_strike,4-Seam Fastball,95.1,10/26/2024,775294,LAD,NYY,LAD,1
-0.48,3.02,called_strike,4-Seam Fastball,90.5,10/26/2024,775294,LAD,NYY,NYY,1
1.76,1.99,ball,Sinker,90.2,10/26/2024,775294,LAD,NYY,NYY,0
1.88,2.91,ball,Sinker,89.8,10/26/2024,775294,LAD,NYY,NYY,0
-0.36,4.08,ball,4-Seam Fastball,90.9,10/26/2024,775294,LAD,NYY,NYY,0
0.07,3.06,called_strike,Sinker,90.5,10/26/2024,775294,LAD,NYY,NYY,1
1.39,1.35,ball,Slider,81.4,10/26/2024,775294,LAD,NYY,NYY,0
0.76,1.38,ball,Slider,82.2,10/26/2024,775294,LAD,NYY,NYY,0
0.63,3.1,called_strike,Sinker,94.2,10/26/2024,775294,LAD,NYY,NYY,1
-0.29,3.4,ball,Sinker,93.8,10/26/2024,775294,LAD,NYY,NYY,0
0.33,2.41,called_strike,Slider,81.3,10/26/2024,775294,LAD,NYY,NYY,1
0.71,3.64,ball,4-Seam Fastball,94.7,10/26/2024,775294,LAD,NYY,LAD,0
-0.82,1.8,called_strike,Curveball,76.4,10/26/2024,775294,LAD,NYY,LAD,1
0.96,2.07,ball,Curveball,75.5,10/26/2024,775294,LAD,NYY,LAD,0
-0.63,0.8,ball,Split-Finger,91.1,10/26/2024,775294,LAD,NYY,LAD,0
-0.52,2.04,called_strike,Curveball,77.1,10/26/2024,775294,LAD,NYY,LAD,1
-1.62,2.75,ball,4-Seam Fastball,93.9,10/26/2024,775294,LAD,NYY,LAD,0
-0.07,2.14,called_strike,4-Seam Fastball,95.2,10/26/2024,775294,LAD,NYY,LAD,1
0.95,2.05,called_strike,Sinker,94.3,10/26/2024,775294,LAD,NYY,NYY,1
0.21,2.03,called_strike,Sinker,94,10/26/2024,775294,LAD,NYY,NYY,1
1.81,1.37,ball,Sinker,94.3,10/26/2024,775294,LAD,NYY,NYY,0
-0.3,1.01,ball,Slider,81,10/26/2024,775294,LAD,NYY,NYY,0
2.6,0.05,ball,Slider,82,10/26/2024,775294,LAD,NYY,NYY,0
0.96,1.5,ball,Sinker,94.9,10/26/2024,775294,LAD,NYY,NYY,0
2.08,1.31,ball,Slider,81.5,10/26/2024,775294,LAD,NYY,NYY,0
-0.56,3.16,called_strike,Sinker,93.7,10/26/2024,775294,LAD,NYY,NYY,1
-1.62,1.56,ball,Slider,87.5,10/26/2024,775294,LAD,NYY,NYY,0
-0.17,2.75,called_strike,4-Seam Fastball,94.4,10/26/2024,775294,LAD,NYY,LAD,1
0.96,2.53,ball,Curveball,73.7,10/26/2024,775294,LAD,NYY,LAD,0
1.15,1.48,ball,4-Seam Fastball,94.7,10/26/2024,775294,LAD,NYY,LAD,0
0.79,1.27,ball,4-Seam Fastball,95.6,10/26/2024,775294,LAD,NYY,LAD,0
-1.43,2.43,ball,Cutter,93.4,10/26/2024,775294,LAD,NYY,NYY,0
-2.35,0.93,ball,Slider,87.8,10/26/2024,775294,LAD,NYY,NYY,0
-2.51,0.68,ball,Slider,88.3,10/26/2024,775294,LAD,NYY,NYY,0
0.05,4.13,ball,Cutter,93.9,10/26/2024,775294,LAD,NYY,NYY,0
-0.15,3.27,called_strike,Slider,88.7,10/26/2024,775294,LAD,NYY,NYY,1
0.47,4.61,ball,4-Seam Fastball,96.4,10/26/2024,775294,LAD,NYY,NYY,0
-0.33,1.34,ball,Changeup,86.8,10/26/2024,775294,LAD,NYY,NYY,0
1.66,4.04,ball,Slider,87.5,10/26/2024,775294,LAD,NYY,NYY,0
0.61,3.79,ball,Curveball,82.6,10/26/2024,775294,LAD,NYY,NYY,0
-0.9,2.52,called_strike,4-Seam Fastball,96.3,10/26/2024,775294,LAD,NYY,NYY,1
-1.18,2.67,ball,Slider,88.3,10/26/2024,775294,LAD,NYY,NYY,0
-0.24,3.57,ball,4-Seam Fastball,97,10/26/2024,775294,LAD,NYY,NYY,0
0.71,3.05,called_strike,4-Seam Fastball,94.8,10/26/2024,775294,LAD,NYY,NYY,1
1.1,0.92,ball,Slider,85.7,10/26/2024,775294,LAD,NYY,LAD,0
1.23,1.16,ball,Curveball,80.3,10/26/2024,775294,LAD,NYY,LAD,0
-1.76,1.79,ball,Split-Finger,91.8,10/26/2024,775294,LAD,NYY,LAD,0
-0.49,1.62,called_strike,Split-Finger,91.3,10/26/2024,775294,LAD,NYY,LAD,1
-1.45,3.66,ball,4-Seam Fastball,95.8,10/26/2024,775294,LAD,NYY,LAD,0
0.59,1.71,called_strike,Curveball,78.2,10/26/2024,775294,LAD,NYY,LAD,1
-0.15,1.38,ball,Curveball,75.2,10/26/2024,775294,LAD,NYY,LAD,0
-0.75,2.65,called_strike,4-Seam Fastball,95,10/26/2024,775294,LAD,NYY,LAD,1
0.98,4.68,ball,4-Seam Fastball,96.4,10/26/2024,775294,LAD,NYY,NYY,0
0.03,4.85,ball,4-Seam Fastball,95.8,10/26/2024,775294,LAD,NYY,NYY,0
0.41,2.01,called_strike,4-Seam Fastball,95.3,10/26/2024,775294,LAD,NYY,NYY,1
-1.01,1.16,ball,Slider,87.5,10/26/2024,775294,LAD,NYY,NYY,0
0.01,4.13,ball,4-Seam Fastball,95.2,10/26/2024,775294,LAD,NYY,NYY,0
-0.32,2.24,called_strike,Slider,86.1,10/26/2024,775294,LAD,NYY,NYY,1
-1.3,1.04,ball,Slider,87.9,10/26/2024,775294,LAD,NYY,NYY,0
-0.58,1.84,called_strike,4-Seam Fastball,94.9,10/26/2024,775294,LAD,NYY,NYY,1
-0.67,2.74,called_strike,4-Seam Fastball,96.8,10/26/2024,775294,LAD,NYY,NYY,1
1.25,4.01,ball,Slider,87.1,10/26/2024,775294,LAD,NYY,NYY,0
1.02,2.85,ball,4-Seam Fastball,96.7,10/26/2024,775294,LAD,NYY,NYY,0
0.63,2.28,called_strike,4-Seam Fastball,95.9,10/26/2024,775294,LAD,NYY,LAD,1
-0.53,1.95,called_strike,Curveball,77.6,10/26/2024,775294,LAD,NYY,LAD,1
1.41,1.09,ball,Cutter,91.1,10/26/2024,775294,LAD,NYY,LAD,0
-1.15,2.77,ball,4-Seam Fastball,96.4,10/26/2024,775294,LAD,NYY,LAD,0
-0.74,4.03,ball,4-Seam Fastball,95.3,10/26/2024,775294,LAD,NYY,LAD,0
-1.07,4.62,ball,4-Seam Fastball,95.3,10/26/2024,775294,LAD,NYY,LAD,0
-1.19,3.79,ball,4-Seam Fastball,95.3,10/26/2024,775294,LAD,NYY,LAD,0
1.32,2.93,ball,4-Seam Fastball,95.5,10/26/2024,775294,LAD,NYY,LAD,0
-0.61,2.36,called_strike,Curveball,76.8,10/26/2024,775294,LAD,NYY,LAD,1
-1.06,2.61,ball,4-Seam Fastball,96.1,10/26/2024,775294,LAD,NYY,LAD,0
0.36,1.31,ball,4-Seam Fastball,96.2,10/26/2024,775294,LAD,NYY,NYY,0
0.02,4.11,ball,4-Seam Fastball,95.8,10/26/2024,775294,LAD,NYY,NYY,0
1.03,3.16,ball,Curveball,81.4,10/26/2024,775294,LAD,NYY,NYY,0
-0.47,2.34,called_strike,4-Seam Fastball,96.9,10/26/2024,775294,LAD,NYY,NYY,1
0.98,3.02,ball,4-Seam Fastball,97,10/26/2024,775294,LAD,NYY,NYY,0
-0.86,2.9,ball,4-Seam Fastball,97.2,10/26/2024,775294,LAD,NYY,NYY,0
0.71,1.13,ball,Curveball,79,10/26/2024,775294,LAD,NYY,LAD,0
1.15,2.33,ball,4-Seam Fastball,96.7,10/26/2024,775294,LAD,NYY,LAD,0
-0.19,4.37,ball,4-Seam Fastball,95.8,10/26/2024,775294,LAD,NYY,LAD,0
-0.43,1.02,ball,Split-Finger,91.2,10/26/2024,775294,LAD,NYY,LAD,0
0.22,1.17,ball,Curveball,77.1,10/26/2024,775294,LAD,NYY,LAD,0
-0.16,0.86,ball,Curveball,76.3,10/26/2024,775294,LAD,NYY,LAD,0
0.38,4.11,ball,4-Seam Fastball,97.3,10/26/2024,775294,LAD,NYY,LAD,0
1.13,2.25,ball,4-Seam Fastball,97.6,10/26/2024,775294,LAD,NYY,LAD,0
1.1,2.14,ball,Curveball,78.4,10/26/2024,775294,LAD,NYY,LAD,0
-0.62,2.24,called_strike,Curveball,80.7,10/26/2024,775294,LAD,NYY,LAD,1
0.05,1.33,ball,4-Seam Fastball,97.8,10/26/2024,775294,LAD,NYY,LAD,0
-0.49,1.3,ball,Slider,82,10/25/2024,775300,LAD,NYY,NYY,0
0.83,2.49,called_strike,Sinker,95.9,10/25/2024,775300,LAD,NYY,NYY,1
-0.95,1.42,called_strike,Slider,81.9,10/25/2024,775300,LAD,NYY,NYY,1
-0.15,4.37,ball,Sinker,95.5,10/25/2024,775300,LAD,NYY,NYY,0
0.68,1.2,ball,Slider,82.2,10/25/2024,775300,LAD,NYY,NYY,0
-0.73,2.01,called_strike,Slider,81.7,10/25/2024,775300,LAD,NYY,NYY,1
1.55,1.66,ball,Slider,82.1,10/25/2024,775300,LAD,NYY,NYY,0
-1.51,2.94,ball,Slider,82.4,10/25/2024,775300,LAD,NYY,NYY,0
-0.24,2.54,called_strike,Slider,82.2,10/25/2024,775300,LAD,NYY,NYY,1
1.16,1.89,ball,Sinker,96.3,10/25/2024,775300,LAD,NYY,NYY,0
1.62,1.03,ball,Slider,82.2,10/25/2024,775300,LAD,NYY,NYY,0
0.28,2.08,called_strike,Slider,82.3,10/25/2024,775300,LAD,NYY,NYY,1
0.12,2.57,called_strike,4-Seam Fastball,94,10/25/2024,775300,LAD,NYY,LAD,1
-1.47,4.41,ball,4-Seam Fastball,93.4,10/25/2024,775300,LAD,NYY,LAD,0
-0.25,3.47,called_strike,4-Seam Fastball,95.2,10/25/2024,775300,LAD,NYY,LAD,1
2.68,1.49,ball,Sweeper,85.1,10/25/2024,775300,LAD,NYY,LAD,0
0.82,1.62,called_strike,Sweeper,84.2,10/25/2024,775300,LAD,NYY,LAD,1
-0.74,0.97,ball,Sinker,93.6,10/25/2024,775300,LAD,NYY,LAD,0
0.41,2.3,called_strike,Sweeper,81.9,10/25/2024,775300,LAD,NYY,LAD,1
0.31,1.26,ball,Sweeper,83.2,10/25/2024,775300,LAD,NYY,LAD,0
0.84,3.26,ball,Cutter,91.2,10/25/2024,775300,LAD,NYY,LAD,0
-0.06,3.94,ball,4-Seam Fastball,93.5,10/25/2024,775300,LAD,NYY,LAD,0
-1.24,1.89,ball,Sweeper,81.8,10/25/2024,775300,LAD,NYY,LAD,0
0.46,2.42,called_strike,Sweeper,83.2,10/25/2024,775300,LAD,NYY,LAD,1
-0.48,4.59,ball,4-Seam Fastball,95.8,10/25/2024,775300,LAD,NYY,NYY,0
-1.93,3.7,ball,4-Seam Fastball,96,10/25/2024,775300,LAD,NYY,NYY,0
-1.27,1.47,ball,Changeup,90.2,10/25/2024,775300,LAD,NYY,NYY,0
-1.71,2.27,ball,Changeup,89,10/25/2024,775300,LAD,NYY,NYY,0
-0.3,2.47,called_strike,4-Seam Fastball,96,10/25/2024,775300,LAD,NYY,NYY,1
1.12,3.56,ball,4-Seam Fastball,95.9,10/25/2024,775300,LAD,NYY,NYY,0
1.29,2.36,ball,4-Seam Fastball,95.5,10/25/2024,775300,LAD,NYY,NYY,0
1.82,1.91,ball,Sweeper,84.6,10/25/2024,775300,LAD,NYY,LAD,0
0.44,2.74,called_strike,Sweeper,83.2,10/25/2024,775300,LAD,NYY,LAD,1
0.84,2.04,called_strike,Sweeper,84.3,10/25/2024,775300,LAD,NYY,LAD,1
0.6,-0.08,ball,Cutter,89.8,10/25/2024,775300,LAD,NYY,LAD,0
-1.17,4.32,ball,4-Seam Fastball,96.9,10/25/2024,775300,LAD,NYY,LAD,0
1.19,3.11,ball,4-Seam Fastball,97.6,10/25/2024,775300,LAD,NYY,LAD,0
-0.49,3.63,ball,4-Seam Fastball,98.9,10/25/2024,775300,LAD,NYY,LAD,0
-0.34,1.85,called_strike,4-Seam Fastball,98.2,10/25/2024,775300,LAD,NYY,LAD,1
-0.07,3.96,ball,4-Seam Fastball,98.5,10/25/2024,775300,LAD,NYY,LAD,0
0.94,2.25,ball,4-Seam Fastball,96.5,10/25/2024,775300,LAD,NYY,NYY,0
0.07,1.22,called_strike,4-Seam Fastball,96.3,10/25/2024,775300,LAD,NYY,NYY,1
-1.82,2.22,ball,Changeup,87.4,10/25/2024,775300,LAD,NYY,NYY,0
0.09,2.4,called_strike,Changeup,87.1,10/25/2024,775300,LAD,NYY,NYY,1
0.24,1.43,ball,4-Seam Fastball,93.9,10/25/2024,775300,LAD,NYY,LAD,0
-0.46,1.14,ball,Slider,85.5,10/25/2024,775300,LAD,NYY,LAD,0
-0.45,1.91,called_strike,4-Seam Fastball,94.2,10/25/2024,775300,LAD,NYY,LAD,1
0.15,3.99,ball,4-Seam Fastball,93,10/25/2024,775300,LAD,NYY,LAD,0
-0.81,4.45,ball,4-Seam Fastball,93.6,10/25/2024,775300,LAD,NYY,LAD,0
-1.14,3.68,ball,4-Seam Fastball,94,10/25/2024,775300,LAD,NYY,LAD,0
-1.57,1.77,ball,Slider,86.8,10/25/2024,775300,LAD,NYY,LAD,0
0.28,1.52,called_strike,Slider,85.8,10/25/2024,775300,LAD,NYY,LAD,1
-1.55,0.37,ball,Slider,84.8,10/25/2024,775300,LAD,NYY,LAD,0
0.65,3.49,ball,Slider,88.4,10/25/2024,775300,LAD,NYY,NYY,0
1.29,1.47,ball,Sinker,98.1,10/25/2024,775300,LAD,NYY,NYY,0
-1.26,4.29,ball,4-Seam Fastball,97.3,10/25/2024,775300,LAD,NYY,NYY,0
1.49,-0.19,ball,Slider,89.9,10/25/2024,775300,LAD,NYY,NYY,0
1.46,1.06,ball,Slider,88.6,10/25/2024,775300,LAD,NYY,NYY,0
-0.17,1.96,called_strike,Slider,89.1,10/25/2024,775300,LAD,NYY,NYY,1
0.48,2.32,called_strike,Sinker,98.6,10/25/2024,775300,LAD,NYY,LAD,1
1.92,2.42,ball,Sinker,99.6,10/25/2024,775300,LAD,NYY,LAD,0
1.6,1.31,ball,Slider,88.8,10/25/2024,775300,LAD,NYY,LAD,0
-0.83,3.09,called_strike,Sinker,99.2,10/25/2024,775300,LAD,NYY,LAD,1
-1.24,5.14,ball,Cutter,97.6,10/25/2024,775300,LAD,NYY,LAD,0
-0.61,1.02,ball,Slider,89.1,10/25/2024,775300,LAD,NYY,LAD,0
1.53,3.53,ball,Sinker,98.1,10/25/2024,775300,LAD,NYY,LAD,0
-0.12,2.08,called_strike,Sinker,99.2,10/25/2024,775300,LAD,NYY,LAD,1
1.25,2.76,ball,Slider,92.3,10/25/2024,775300,LAD,NYY,LAD,0
1.21,3.33,ball,4-Seam Fastball,97.9,10/25/2024,775300,LAD,NYY,NYY,0
1.61,0.84,ball,Cutter,91.6,10/25/2024,775300,LAD,NYY,NYY,0
0.59,2.8,called_strike,Knuckle Curve,85.6,10/25/2024,775300,LAD,NYY,NYY,1
-1.81,2.71,ball,Changeup,89,10/25/2024,775300,LAD,NYY,NYY,0
1.08,2.56,ball,4-Seam Fastball,95.6,10/25/2024,775300,LAD,NYY,NYY,0
-0.75,3.07,called_strike,4-Seam Fastball,96.3,10/25/2024,775300,LAD,NYY,LAD,1
-0.93,1.88,ball,Slider,88,10/25/2024,775300,LAD,NYY,LAD,0
0.65,4.22,ball,Slider,86.2,10/25/2024,775300,LAD,NYY,LAD,0
-0.38,2.42,called_strike,4-Seam Fastball,96.3,10/25/2024,775300,LAD,NYY,LAD,1
-2.02,-0.03,ball,Slider,87.8,10/25/2024,775300,LAD,NYY,LAD,0
-0.43,2.62,called_strike,4-Seam Fastball,96.8,10/25/2024,775300,LAD,NYY,LAD,1
-0.98,1.77,ball,4-Seam Fastball,93.4,10/25/2024,775300,LAD,NYY,LAD,0
-1.3,6.91,ball,4-Seam Fastball,88.8,10/25/2024,775300,LAD,NYY,LAD,0
0.98,1.19,ball,Slider,87.1,10/25/2024,775300,LAD,NYY,LAD,0
-1.02,1.45,ball,4-Seam Fastball,91.4,10/25/2024,775300,LAD,NYY,LAD,0
-1.89,2.2,ball,Knuckle Curve,77.6,10/25/2024,775300,LAD,NYY,LAD,0
0.61,1.41,ball,Knuckle Curve,79.5,10/25/2024,775300,LAD,NYY,LAD,0
-0.21,2.87,called_strike,4-Seam Fastball,94,10/25/2024,775300,LAD,NYY,LAD,1
-1.39,4.19,ball,Knuckle Curve,82.7,10/25/2024,775300,LAD,NYY,NYY,0
1.08,1.74,ball,Cutter,91.4,10/25/2024,775300,LAD,NYY,NYY,0
-0.07,1.76,called_strike,Slider,89,10/25/2024,775300,LAD,NYY,NYY,1
-1.27,3.81,ball,4-Seam Fastball,96.2,10/25/2024,775300,LAD,NYY,NYY,0
0.27,2.26,called_strike,4-Seam Fastball,96.7,10/25/2024,775300,LAD,NYY,NYY,1
0.53,1.07,ball,Slider,85.3,10/25/2024,775300,LAD,NYY,LAD,0
-0.62,2.25,called_strike,Knuckle Curve,77.2,10/25/2024,775300,LAD,NYY,LAD,1
-0.36,2.89,called_strike,4-Seam Fastball,91.9,10/25/2024,775300,LAD,NYY,LAD,1
-1.04,3.4,ball,4-Seam Fastball,93.4,10/25/2024,775300,LAD,NYY,LAD,0
0.83,-0.23,ball,Knuckle Curve,79.2,10/25/2024,775300,LAD,NYY,LAD,0
-0.38,4.23,ball,4-Seam Fastball,92.3,10/25/2024,775300,LAD,NYY,LAD,0
-0.08,2.36,called_strike,4-Seam Fastball,91.7,10/25/2024,775300,LAD,NYY,LAD,1
1.2,0.9,ball,Slider,90.4,10/25/2024,775300,LAD,NYY,NYY,0
1.33,2.23,ball,4-Seam Fastball,97.1,10/25/2024,775300,LAD,NYY,NYY,0
0.63,1.69,ball,4-Seam Fastball,96.9,10/25/2024,775300,LAD,NYY,NYY,0
-0.96,2.17,called_strike,Slider,89.9,10/25/2024,775300,LAD,NYY,NYY,1
1.03,2.37,ball,Cutter,91.4,10/25/2024,775300,LAD,NYY,NYY,0
1.2,2.28,ball,Slider,88.9,10/25/2024,775300,LAD,NYY,NYY,0
0.55,2.01,called_strike,4-Seam Fastball,96.4,10/25/2024,775300,LAD,NYY,NYY,1
-1.48,3.08,ball,4-Seam Fastball,93.9,10/25/2024,775300,LAD,NYY,LAD,0
-2.13,1.73,ball,Sinker,87.5,10/25/2024,775300,LAD,NYY,LAD,0
-0.48,2.37,called_strike,4-Seam Fastball,95,10/25/2024,775300,LAD,NYY,LAD,1
-0.5,1.34,ball,Knuckle Curve,78.8,10/25/2024,775300,LAD,NYY,LAD,0
0.61,3.75,ball,Cutter,92.8,10/25/2024,775300,LAD,NYY,NYY,0
-0.13,1.28,ball,Changeup,90.2,10/25/2024,775300,LAD,NYY,NYY,0
0.59,1.45,ball,4-Seam Fastball,96.6,10/25/2024,775300,LAD,NYY,NYY,0
-1.21,2.67,ball,Changeup,89.9,10/25/2024,775300,LAD,NYY,NYY,0
0.46,2.91,called_strike,4-Seam Fastball,97.2,10/25/2024,775300,LAD,NYY,NYY,1
0.32,0.64,ball,Knuckle Curve,84.5,10/25/2024,775300,LAD,NYY,NYY,0
-1.15,4.01,ball,4-Seam Fastball,94.9,10/25/2024,775300,LAD,NYY,NYY,0
1.28,0.07,ball,Knuckle Curve,79.4,10/25/2024,775300,LAD,NYY,LAD,0
0.61,1.05,ball,Slider,86.5,10/25/2024,775300,LAD,NYY,LAD,0
-0.18,1.31,ball,Slider,85.9,10/25/2024,775300,LAD,NYY,LAD,0
-0.99,2.81,called_strike,Slider,84.5,10/25/2024,775300,LAD,NYY,LAD,1
-1.99,2.53,ball,Knuckle Curve,77.4,10/25/2024,775300,LAD,NYY,LAD,0
0.52,1.88,called_strike,4-Seam Fastball,97,10/25/2024,775300,LAD,NYY,NYY,1
0.59,1.75,ball,4-Seam Fastball,97.8,10/25/2024,775300,LAD,NYY,NYY,0
0.88,2.31,ball,4-Seam Fastball,97,10/25/2024,775300,LAD,NYY,NYY,0
1.47,2.37,ball,4-Seam Fastball,98.2,10/25/2024,775300,LAD,NYY,NYY,0
-0.53,2.4,called_strike,Knuckle Curve,82.9,10/25/2024,775300,LAD,NYY,NYY,1
0,1.36,ball,Knuckle Curve,83.7,10/25/2024,775300,LAD,NYY,NYY,0
1.03,3,ball,4-Seam Fastball,96.2,10/25/2024,775300,LAD,NYY,NYY,0
-0.15,0.88,ball,Knuckle Curve,80.8,10/25/2024,775300,LAD,NYY,LAD,0
-0.75,3.42,called_strike,4-Seam Fastball,94.7,10/25/2024,775300,LAD,NYY,LAD,1
-0.15,1.97,called_strike,4-Seam Fastball,93.4,10/25/2024,775300,LAD,NYY,LAD,1
-0.98,3.02,ball,4-Seam Fastball,94.7,10/25/2024,775300,LAD,NYY,LAD,0
0.87,2.44,ball,4-Seam Fastball,94.1,10/25/2024,775300,LAD,NYY,LAD,0
-0.38,2.62,called_strike,Knuckle Curve,77.9,10/25/2024,775300,LAD,NYY,LAD,1
-0.75,2.14,called_strike,Slider,85.5,10/25/2024,775300,LAD,NYY,LAD,1
0.7,1.24,ball,Slider,85,10/25/2024,775300,LAD,NYY,LAD,0
-1.77,1.96,ball,Knuckle Curve,78.7,10/25/2024,775300,LAD,NYY,LAD,0
-0.18,4.64,ball,4-Seam Fastball,92.4,10/25/2024,775300,LAD,NYY,LAD,0
-0.62,3.24,called_strike,4-Seam Fastball,94.9,10/25/2024,775300,LAD,NYY,LAD,1
-0.38,4.42,ball,4-Seam Fastball,96.5,10/25/2024,775300,LAD,NYY,NYY,0
0.01,2.12,called_strike,4-Seam Fastball,94.8,10/25/2024,775300,LAD,NYY,NYY,1
0.48,1.78,called_strike,4-Seam Fastball,94,10/25/2024,775300,LAD,NYY,NYY,1
-1.02,1.5,called_strike,Knuckle Curve,78.7,10/25/2024,775300,LAD,NYY,LAD,1
-1.02,2.61,called_strike,4-Seam Fastball,93.5,10/25/2024,775300,LAD,NYY,LAD,1
-1.16,2.96,ball,Knuckle Curve,80.6,10/25/2024,775300,LAD,NYY,LAD,0
-0.53,2.02,called_strike,4-Seam Fastball,92.9,10/25/2024,775300,LAD,NYY,LAD,1
-0.77,1.13,ball,Knuckle Curve,81.6,10/25/2024,775300,LAD,NYY,LAD,0
0.78,1.97,called_strike,4-Seam Fastball,94.3,10/25/2024,775300,LAD,NYY,LAD,1
0.57,1.42,ball,4-Seam Fastball,94.8,10/25/2024,775300,LAD,NYY,LAD,0
-0.35,1.19,ball,Knuckle Curve,78.2,10/25/2024,775300,LAD,NYY,LAD,0
-1.17,2.74,ball,Knuckle Curve,78.9,10/25/2024,775300,LAD,NYY,LAD,0
-1.89,2.37,ball,4-Seam Fastball,94.7,10/25/2024,775300,LAD,NYY,LAD,0
0.7,1.94,ball,Slider,88.6,10/25/2024,775300,LAD,NYY,LAD,0
-0.44,0.97,ball,4-Seam Fastball,96.4,10/25/2024,775300,LAD,NYY,LAD,0
